2023 남한산성 역사문화명소화,4.9,경기 광주시,https://cdn.visitkorea.or.kr/img/call?cmd=VIEW&id=31c45103-b764-4197-a1b3-fb306b8221af&thumb
카페소유,4.9,경기 남양주시,https://cdn.visitkorea.or.kr/img/call?cmd=VIEW&id=f4cc7ce0-6bf5-45a5-ba84-457eb963a8e8&thumb
곤제근린공원,4.9,경기 의정부시,https://cdn.visitkorea.or.kr/img/call?cmd=VIEW&id=9131274a-e0f7-450f-837a-ec808a8a60e7&thumb
안골계곡,4.9,경기 의정부시,https://cdn.visitkorea.or.kr/img/call?cmd=VIEW&id=20133d75-330e-4405-8af6-ac1668632561&thumb
의정부역동부광장,4.9,경기 의정부시,https://cdn.visitkorea.or.kr/img/call?cmd=VIEW&id=a1ce2466-7ef7-4134-a43e-c2ab3c66ef83&thumb
안양어린이천문대,4.9,경기 안양시,https://cdn.visitkorea.or.kr/img/call?cmd=VIEW&id=b18054dc-965b-4a94-b373-54058cc072b8&thumb
2023 평화누리 피크닉 페스티벌,4.9,경기 파주시,https://cdn.visitkorea.or.kr/img/call?cmd=VIEW&id=624e5c42-3d86-4b63-b131-b8039fd1873c&thumb
이포보,4.9,경기 여주시,https://cdn.visitkorea.or.kr/img/call?cmd=VIEW&id=c70e96e5-1aa2-43ea-963c-12fc762ff254&thumb
영흥수목원,4.9,경기 수원시,https://cdn.visitkorea.or.kr/img/call?cmd=VIEW&id=02329dd7-6af9-48f8-b112-812c1b019a00&thumb
아레볼,4.9,경기 파주시,https://cdn.visitkorea.or.kr/img/call?cmd=VIEW&id=a962042e-aa2d-47a4-898d-c340faed0edb&thumb
2023 남한산성 역사문화명소화,4.8,경기 광주시,https://cdn.visitkorea.or.kr/img/call?cmd=VIEW&id=31c45103-b764-4197-a1b3-fb306b8221af&thumb
카페소유,4.8,경기 남양주시,https://cdn.visitkorea.or.kr/img/call?cmd=VIEW&id=f4cc7ce0-6bf5-45a5-ba84-457eb963a8e8&thumb
곤제근린공원,4.8,경기 의정부시,https://cdn.visitkorea.or.kr/img/call?cmd=VIEW&id=9131274a-e0f7-450f-837a-ec808a8a60e7&thumb
안골계곡,4.8,경기 의정부시,https://cdn.visitkorea.or.kr/img/call?cmd=VIEW&id=20133d75-330e-4405-8af6-ac1668632561&thumb
의정부역동부광장,4.8,경기 의정부시,https://cdn.visitkorea.or.kr/img/call?cmd=VIEW&id=a1ce2466-7ef7-4134-a43e-c2ab3c66ef83&thumb
안양어린이천문대,4.8,경기 안양시,https://cdn.visitkorea.or.kr/img/call?cmd=VIEW&id=b18054dc-965b-4a94-b373-54058cc072b8&thumb
2023 평화누리 피크닉 페스티벌,4.8,경기 파주시,https://cdn.visitkorea.or.kr/img/call?cmd=VIEW&id=624e5c42-3d86-4b63-b131-b8039fd1873c&thumb
이포보,4.8,경기 여주시,https://cdn.visitkorea.or.kr/img/call?cmd=VIEW&id=c70e96e5-1aa2-43ea-963c-12fc762ff254&thumb
영흥수목원,4.8,경기 수원시,https://cdn.visitkorea.or.kr/img/call?cmd=VIEW&id=02329dd7-6af9-48f8-b112-812c1b019a00&thumb
아레볼,4.8,경기 파주시,https://cdn.visitkorea.or.kr/img/call?cmd=VIEW&id=a962042e-aa2d-47a4-898d-c340faed0edb&thumb
메콩 카페,4.7,경기 가평군,https://cdn.visitkorea.or.kr/img/call?cmd=VIEW&id=a8167138-2787-486d-842d-a98470abad81&thumb
디파트글램핑장,4.7,경기 양평군,https://cdn.visitkorea.or.kr/img/call?cmd=VIEW&id=72c7bc19-61ad-4e1b-a2cd-478c98180571&thumb
포레포레,4.7,경기 수원시,https://cdn.visitkorea.or.kr/img/call?cmd=VIEW&id=5c0ea043-93aa-4598-923d-e4fcba5c6729&thumb
"2023 인생나눔교실 찾아가는 인문 멘토링 <요즘 청년, 요즘 인문학>",4.7,경기 수원시,https://cdn.visitkorea.or.kr/img/call?cmd=VIEW&id=2a064c2a-998a-4e09-859f-47f19a44333a&thumb
호수캠핑장,4.7,경기 파주시,https://cdn.visitkorea.or.kr/img/call?cmd=VIEW&id=763f0950-98af-40c8-a4c0-1e350244e9d9&thumb
소코아,4.7,내 위치에서 6km - 경기 고양시,https://cdn.visitkorea.or.kr/img/call?cmd=VIEW&id=3e9a7523-51ac-4d62-bc90-d4f3145c0c90&thumb
양지파인글램핑리조트,4.7,경기 용인시,https://cdn.visitkorea.or.kr/img/call?cmd=VIEW&id=6862c4d7-c1e7-4328-9401-be6433e52165&thumb
선녀와나무꾼,4.7,경기 양주시,https://cdn.visitkorea.or.kr/img/call?cmd=VIEW&id=9c70bbef-77bd-46f6-915a-c704d0737cad&thumb
제20회 EBS국제다큐영화제(EIDF2023),4.7,경기 고양시,https://cdn.visitkorea.or.kr/img/call?cmd=VIEW&id=e08bfa33-f6cc-410e-8e8d-7e182354e54e&thumb
바닐라빌리지,4.7,경기 부천시,https://cdn.visitkorea.or.kr/img/call?cmd=VIEW&id=afdf596c-5d18-4988-9c88-033c1ca4cfa9&thumb
