2023 신사리 상권 릴레이 이벤트,4.9,서울 관악구,https://cdn.visitkorea.or.kr/img/call?cmd=VIEW&id=636ed0d0-e29d-4853-9a1b-5291180ff73b&thumb
우물집 창신점,4.9,서울 종로구,https://cdn.visitkorea.or.kr/img/call?cmd=VIEW&id=ad71e925-f398-41ed-a40a-ae87c70c3d0f&thumb
함경면옥,4.9,서울 동대문구,https://cdn.visitkorea.or.kr/img/call?cmd=VIEW&id=0f3f78a1-12ff-46cd-adc1-f8b6bbd4531a&thumb
하림각,4.9,서울 종로구,https://cdn.visitkorea.or.kr/img/call?cmd=VIEW&id=899ad19f-6b6e-480e-9e06-593c8b4f16e4&thumb
페스토리,4.9,서울 성동구,https://cdn.visitkorea.or.kr/img/call?cmd=VIEW&id=959cd694-335f-49e7-8bea-6816d4047a07&thumb
제 2회 어쩌다 연극 페스티벌 - 대학로 5대 희극전,4.9,서울 종로구,https://cdn.visitkorea.or.kr/img/call?cmd=VIEW&id=7d9de9d1-2933-4710-891c-4c25786a4882&thumb
"청년, 신라문화 TALK TALK",4.9,서울 강남구,https://cdn.visitkorea.or.kr/img/call?cmd=VIEW&id=598388b9-74ab-43f2-92a8-910f38c67341&thumb
데클렌커피,4.9,서울 성북구,https://cdn.visitkorea.or.kr/img/call?cmd=VIEW&id=e9c684ec-6927-43e2-bd06-720ba468c320&thumb
High Street Italia (하이 스트리트 이탈리아),4.9,서울 강남구,https://cdn.visitkorea.or.kr/img/call?cmd=VIEW&id=6f4321c0-9630-4d60-bf5c-32e1145fffd3&thumb
서울시립 미술아카이브,4.9,서울 종로구,https://cdn.visitkorea.or.kr/img/call?cmd=VIEW&id=c3876b40-3814-4eb1-8ddf-4a57152fc767&thumb
2023 신사리 상권 릴레이 이벤트,4.8,서울 관악구,https://cdn.visitkorea.or.kr/img/call?cmd=VIEW&id=636ed0d0-e29d-4853-9a1b-5291180ff73b&thumb
우물집 창신점,4.8,서울 종로구,https://cdn.visitkorea.or.kr/img/call?cmd=VIEW&id=ad71e925-f398-41ed-a40a-ae87c70c3d0f&thumb
함경면옥,4.8,서울 동대문구,https://cdn.visitkorea.or.kr/img/call?cmd=VIEW&id=0f3f78a1-12ff-46cd-adc1-f8b6bbd4531a&thumb
하림각,4.8,서울 종로구,https://cdn.visitkorea.or.kr/img/call?cmd=VIEW&id=899ad19f-6b6e-480e-9e06-593c8b4f16e4&thumb
페스토리,4.8,서울 성동구,https://cdn.visitkorea.or.kr/img/call?cmd=VIEW&id=959cd694-335f-49e7-8bea-6816d4047a07&thumb
제 2회 어쩌다 연극 페스티벌 - 대학로 5대 희극전,4.8,서울 종로구,https://cdn.visitkorea.or.kr/img/call?cmd=VIEW&id=7d9de9d1-2933-4710-891c-4c25786a4882&thumb
"청년, 신라문화 TALK TALK",4.8,서울 강남구,https://cdn.visitkorea.or.kr/img/call?cmd=VIEW&id=598388b9-74ab-43f2-92a8-910f38c67341&thumb
데클렌커피,4.8,서울 성북구,https://cdn.visitkorea.or.kr/img/call?cmd=VIEW&id=e9c684ec-6927-43e2-bd06-720ba468c320&thumb
High Street Italia (하이 스트리트 이탈리아),4.8,서울 강남구,https://cdn.visitkorea.or.kr/img/call?cmd=VIEW&id=6f4321c0-9630-4d60-bf5c-32e1145fffd3&thumb
서울시립 미술아카이브,4.8,서울 종로구,https://cdn.visitkorea.or.kr/img/call?cmd=VIEW&id=c3876b40-3814-4eb1-8ddf-4a57152fc767&thumb
녹트,4.7,서울 용산구,https://cdn.visitkorea.or.kr/img/call?cmd=VIEW&id=bb1074a9-736d-4823-8e83-f62497a554f1&thumb
살라댕템플,4.7,서울 성동구,https://cdn.visitkorea.or.kr/img/call?cmd=VIEW&id=b92b10b7-f6a2-4655-8989-5f97b44729a0&thumb
레인리포트 크루아상,4.7,서울 성동구,https://cdn.visitkorea.or.kr/img/call?cmd=VIEW&id=163be687-0336-43a5-ac4c-4f42e537cba9&thumb
2023 엔틱&아트페어,4.7,서울 종로구,https://cdn.visitkorea.or.kr/img/call?cmd=VIEW&id=ed7a8bbd-d851-43ae-8d20-69b39d1c2db6&thumb
그랑핸드 서촌,4.7,서울 종로구,https://cdn.visitkorea.or.kr/img/call?cmd=VIEW&id=8f6cd7c4-b3a7-4c28-b845-77667a6a05cd&thumb
트웰브미닛,4.7,서울 광진구,https://cdn.visitkorea.or.kr/img/call?cmd=VIEW&id=15666033-0bf1-463d-bbb9-1ca3b01423f4&thumb
치즈인더스트리,4.7,서울 종로구,https://cdn.visitkorea.or.kr/img/call?cmd=VIEW&id=c54f0b54-76ed-4cd4-8a41-34c6db88d8c9&thumb
2023 제20회 대한민국향토식문화대전(&남북음식문화축제),4.7,서울 서초구,https://cdn.visitkorea.or.kr/img/call?cmd=VIEW&id=fffd3558-e868-4baf-b1c2-a91ad8517bbe&thumb
2023 KOPIS 공연예술 데이터 포럼,4.7,서울 중구,https://cdn.visitkorea.or.kr/img/call?cmd=VIEW&id=9e0b082c-c579-459e-9606-e64c6d17e240&thumb
2023 정조대왕능행차 공동재현,4.7,서울 종로구,https://cdn.visitkorea.or.kr/img/call?cmd=VIEW&id=5ec66005-bde4-4f89-8b24-0c9332c552e0&thumb
