대전 벨레자 호텔,https://www.goodchoice.kr/product/detail?ano=67852&adcno=1&sel_date=2023-08-24&sel_date2=2023-08-25,대전 유성구 용산동,"
144,000원 ",//image.goodchoice.kr/images/web_v3/bg_trans.png
대전 아늑호텔-대흥점,https://www.goodchoice.kr/product/detail?ano=74812&adcno=1&sel_date=2023-08-24&sel_date2=2023-08-25,시청역 도보 2분,"
108,236원 ",//image.goodchoice.kr/images/web_v3/bg_trans.png
유성 더휴식 아늑호텔-2호점,https://www.goodchoice.kr/product/detail?ano=71320&adcno=1&sel_date=2023-08-24&sel_date2=2023-08-25,대전 유성구 봉명동,"
176,000원 ",//image.goodchoice.kr/images/web_v3/bg_trans.png
대전 베스트인시티호텔,https://www.goodchoice.kr/product/detail?ano=59372&adcno=1&sel_date=2023-08-24&sel_date2=2023-08-25,"대전 유성구 봉명동                    
예약취소가능, 혜택존","
72,000원 ",//image.goodchoice.kr/images/web_v3/bg_trans.png
대전 Hotel Knock On,https://www.goodchoice.kr/product/detail?ano=69732&adcno=1&sel_date=2023-08-24&sel_date2=2023-08-25,"대전 유성구 봉명동                    
예약취소가능","
50,000원 ",//image.goodchoice.kr/images/web_v3/bg_trans.png
유성 메이호텔,https://www.goodchoice.kr/product/detail?ano=13678&adcno=1&sel_date=2023-08-24&sel_date2=2023-08-25,"대전 유성구 봉명동                    
혜택존",,//image.goodchoice.kr/images/web_v3/bg_trans.png
유성 K7 PC텔,https://www.goodchoice.kr/product/detail?ano=57047&adcno=1&sel_date=2023-08-24&sel_date2=2023-08-25,"대전 유성구 봉명동                    
예약취소가능",,//image.goodchoice.kr/images/web_v3/bg_trans.png
둔산 미드멜리,https://www.goodchoice.kr/product/detail?ano=55117&adcno=1&sel_date=2023-08-24&sel_date2=2023-08-25,"대전 유성구 봉명동                    
혜택존",,//image.goodchoice.kr/images/web_v3/bg_trans.png
유성 호텔 드메르,https://www.goodchoice.kr/product/detail?ano=1724&adcno=1&sel_date=2023-08-24&sel_date2=2023-08-25,,,//image.goodchoice.kr/images/web_v3/bg_trans.png
대전 룩,https://www.goodchoice.kr/product/detail?ano=13294&adcno=1&sel_date=2023-08-24&sel_date2=2023-08-25,,,//image.goodchoice.kr/images/web_v3/bg_trans.png
용전 더휴식 아늑호텔-2호점,https://www.goodchoice.kr/product/detail?ano=4433&adcno=1&sel_date=2023-08-24&sel_date2=2023-08-25,,,//image.goodchoice.kr/images/web_v3/bg_trans.png
대전 HOTEL BON,https://www.goodchoice.kr/product/detail?ano=57163&adcno=1&sel_date=2023-08-24&sel_date2=2023-08-25,,,//image.goodchoice.kr/images/web_v3/bg_trans.png
대전 HOTEL N7,https://www.goodchoice.kr/product/detail?ano=55073&adcno=1&sel_date=2023-08-24&sel_date2=2023-08-25,,,//image.goodchoice.kr/images/web_v3/bg_trans.png
유성 샘모텔,https://www.goodchoice.kr/product/detail?ano=75622&adcno=1&sel_date=2023-08-24&sel_date2=2023-08-25,,,//image.goodchoice.kr/images/web_v3/bg_trans.png
대전 호텔썸,https://www.goodchoice.kr/product/detail?ano=5989&adcno=1&sel_date=2023-08-24&sel_date2=2023-08-25,,,//image.goodchoice.kr/images/web_v3/bg_trans.png
호텔 스카이파크 대전 1호점,https://www.goodchoice.kr/product/detail?ano=65555&adcno=2&sel_date=2023-08-24&sel_date2=2023-08-25,,,//image.goodchoice.kr/images/web_v3/bg_trans.png
호텔 디 에디션,https://www.goodchoice.kr/product/detail?ano=74091&adcno=2&sel_date=2023-08-24&sel_date2=2023-08-25,,,//image.goodchoice.kr/images/web_v3/bg_trans.png
대흥 콩,https://www.goodchoice.kr/product/detail?ano=3783&adcno=1&sel_date=2023-08-24&sel_date2=2023-08-25,,,//image.goodchoice.kr/images/web_v3/bg_trans.png
대전 단밤호텔,https://www.goodchoice.kr/product/detail?ano=4103&adcno=1&sel_date=2023-08-24&sel_date2=2023-08-25,,,//image.goodchoice.kr/images/web_v3/bg_trans.png
유성 더휴식 아늑호텔-1호점,https://www.goodchoice.kr/product/detail?ano=2867&adcno=1&sel_date=2023-08-24&sel_date2=2023-08-25,,,//image.goodchoice.kr/images/web_v3/bg_trans.png
대전 저스트슬립호텔-대전둔산점,https://www.goodchoice.kr/product/detail?ano=64365&adcno=1&sel_date=2023-08-24&sel_date2=2023-08-25,,,//image.goodchoice.kr/images/web_v3/bg_trans.png
월평 HOTEL 컨티뉴 대전점,https://www.goodchoice.kr/product/detail?ano=4770&adcno=1&sel_date=2023-08-24&sel_date2=2023-08-25,,,//image.goodchoice.kr/images/web_v3/bg_trans.png
도안 자우리,https://www.goodchoice.kr/product/detail?ano=5656&adcno=1&sel_date=2023-08-24&sel_date2=2023-08-25,,,//image.goodchoice.kr/images/web_v3/bg_trans.png
유성 루바토호텔,https://www.goodchoice.kr/product/detail?ano=1128&adcno=1&sel_date=2023-08-24&sel_date2=2023-08-25,,,//image.goodchoice.kr/images/web_v3/bg_trans.png
중리 만월 호텔,https://www.goodchoice.kr/product/detail?ano=499&adcno=1&sel_date=2023-08-24&sel_date2=2023-08-25,,,//image.goodchoice.kr/images/web_v3/bg_trans.png
대전 HOTEL 벤,https://www.goodchoice.kr/product/detail?ano=66138&adcno=1&sel_date=2023-08-24&sel_date2=2023-08-25,,,//image.goodchoice.kr/images/web_v3/bg_trans.png
대전 저스트슬립호텔-유성온천점,https://www.goodchoice.kr/product/detail?ano=57324&adcno=1&sel_date=2023-08-24&sel_date2=2023-08-25,,,//image.goodchoice.kr/images/web_v3/bg_trans.png
유성 MAC,https://www.goodchoice.kr/product/detail?ano=527&adcno=1&sel_date=2023-08-24&sel_date2=2023-08-25,,,//image.goodchoice.kr/images/web_v3/bg_trans.png
대전 HOTEL BOX,https://www.goodchoice.kr/product/detail?ano=61215&adcno=1&sel_date=2023-08-24&sel_date2=2023-08-25,,,//image.goodchoice.kr/images/web_v3/bg_trans.png
신탄진 STAY AYANA,https://www.goodchoice.kr/product/detail?ano=48364&adcno=1&sel_date=2023-08-24&sel_date2=2023-08-25,,,//image.goodchoice.kr/images/web_v3/bg_trans.png
용문 HOTEL ALL,https://www.goodchoice.kr/product/detail?ano=1544&adcno=1&sel_date=2023-08-24&sel_date2=2023-08-25,,,//image.goodchoice.kr/images/web_v3/bg_trans.png
대전 호텔BOX-대흥,https://www.goodchoice.kr/product/detail?ano=4096&adcno=1&sel_date=2023-08-24&sel_date2=2023-08-25,,,//image.goodchoice.kr/images/web_v3/bg_trans.png
대전 CITYHOTEL 시애틀,https://www.goodchoice.kr/product/detail?ano=4019&adcno=1&sel_date=2023-08-24&sel_date2=2023-08-25,,,//image.goodchoice.kr/images/web_v3/bg_trans.png
대흥 만월 호텔,https://www.goodchoice.kr/product/detail?ano=560&adcno=1&sel_date=2023-08-24&sel_date2=2023-08-25,,,//image.goodchoice.kr/images/web_v3/bg_trans.png
대전 Boutique 호텔 이틀,https://www.goodchoice.kr/product/detail?ano=2137&adcno=1&sel_date=2023-08-24&sel_date2=2023-08-25,,,//image.goodchoice.kr/images/web_v3/bg_trans.png
은행 샵,https://www.goodchoice.kr/product/detail?ano=1301&adcno=1&sel_date=2023-08-24&sel_date2=2023-08-25,,,//image.goodchoice.kr/images/web_v3/bg_trans.png
대전 BnB,https://www.goodchoice.kr/product/detail?ano=546&adcno=1&sel_date=2023-08-24&sel_date2=2023-08-25,,,//image.goodchoice.kr/images/web_v3/bg_trans.png
용문 TOP,https://www.goodchoice.kr/product/detail?ano=1546&adcno=1&sel_date=2023-08-24&sel_date2=2023-08-25,,,//image.goodchoice.kr/images/web_v3/bg_trans.png
대전 JAVA,https://www.goodchoice.kr/product/detail?ano=1755&adcno=1&sel_date=2023-08-24&sel_date2=2023-08-25,,,//image.goodchoice.kr/images/web_v3/bg_trans.png
둔산 호텔 데이즈,https://www.goodchoice.kr/product/detail?ano=46500&adcno=1&sel_date=2023-08-24&sel_date2=2023-08-25,,,//image.goodchoice.kr/images/web_v3/bg_trans.png
호텔 오노마 대전 오토그래프 컬렉션,https://www.goodchoice.kr/product/detail?ano=68867&adcno=2&sel_date=2023-08-24&sel_date2=2023-08-25,,,//image.goodchoice.kr/images/web_v3/bg_trans.png
용문 MAC,https://www.goodchoice.kr/product/detail?ano=2747&adcno=1&sel_date=2023-08-24&sel_date2=2023-08-25,,,//image.goodchoice.kr/images/web_v3/bg_trans.png
둔산 갤러리,https://www.goodchoice.kr/product/detail?ano=4864&adcno=1&sel_date=2023-08-24&sel_date2=2023-08-25,,,//image.goodchoice.kr/images/web_v3/bg_trans.png
둔산 ING,https://www.goodchoice.kr/product/detail?ano=4594&adcno=1&sel_date=2023-08-24&sel_date2=2023-08-25,,,//image.goodchoice.kr/images/web_v3/bg_trans.png
롯데시티호텔 대전 ,https://www.goodchoice.kr/product/detail?ano=6884&adcno=2&sel_date=2023-08-24&sel_date2=2023-08-25,,,//image.goodchoice.kr/images/web_v3/bg_trans.png
대전 호텔 브라운도트-월평점,https://www.goodchoice.kr/product/detail?ano=4959&adcno=1&sel_date=2023-08-24&sel_date2=2023-08-25,,,//image.goodchoice.kr/images/web_v3/bg_trans.png
용문 HOTEL 카카오 2호점,https://www.goodchoice.kr/product/detail?ano=70185&adcno=1&sel_date=2023-08-24&sel_date2=2023-08-25,,,//image.goodchoice.kr/images/web_v3/bg_trans.png
유성 피카소,https://www.goodchoice.kr/product/detail?ano=518&adcno=1&sel_date=2023-08-24&sel_date2=2023-08-25,,,//image.goodchoice.kr/images/web_v3/bg_trans.png
용문 호텔 SM,https://www.goodchoice.kr/product/detail?ano=4017&adcno=1&sel_date=2023-08-24&sel_date2=2023-08-25,,,//image.goodchoice.kr/images/web_v3/bg_trans.png
유성 호텔 칸느,https://www.goodchoice.kr/product/detail?ano=46739&adcno=1&sel_date=2023-08-24&sel_date2=2023-08-25,,,//image.goodchoice.kr/images/web_v3/bg_trans.png
유성 세르보,https://www.goodchoice.kr/product/detail?ano=47215&adcno=1&sel_date=2023-08-24&sel_date2=2023-08-25,,,//image.goodchoice.kr/images/web_v3/bg_trans.png
둔산 호텔 프라이데이-구 SM,https://www.goodchoice.kr/product/detail?ano=4341&adcno=1&sel_date=2023-08-24&sel_date2=2023-08-25,,,//image.goodchoice.kr/images/web_v3/bg_trans.png
대전 호텔 버스,https://www.goodchoice.kr/product/detail?ano=4530&adcno=1&sel_date=2023-08-24&sel_date2=2023-08-25,,,//image.goodchoice.kr/images/web_v3/bg_trans.png
유성 로드,https://www.goodchoice.kr/product/detail?ano=5387&adcno=1&sel_date=2023-08-24&sel_date2=2023-08-25,,,//image.goodchoice.kr/images/web_v3/bg_trans.png
대전 호텔 어반브라운,https://www.goodchoice.kr/product/detail?ano=65428&adcno=1&sel_date=2023-08-24&sel_date2=2023-08-25,,,//image.goodchoice.kr/images/web_v3/bg_trans.png
유성 호텔 드레,https://www.goodchoice.kr/product/detail?ano=11975&adcno=1&sel_date=2023-08-24&sel_date2=2023-08-25,,,//image.goodchoice.kr/images/web_v3/bg_trans.png
라마다 바이 윈덤 대전,https://www.goodchoice.kr/product/detail?ano=60907&adcno=2&sel_date=2023-08-24&sel_date2=2023-08-25,,,//image.goodchoice.kr/images/web_v3/bg_trans.png
스탕달 호텔,https://www.goodchoice.kr/product/detail?ano=10831&adcno=2&sel_date=2023-08-24&sel_date2=2023-08-25,,,//image.goodchoice.kr/images/web_v3/bg_trans.png
대전 피아노,https://www.goodchoice.kr/product/detail?ano=2940&adcno=1&sel_date=2023-08-24&sel_date2=2023-08-25,,,//image.goodchoice.kr/images/web_v3/bg_trans.png
대전 호텔야자-대전터미널점,https://www.goodchoice.kr/product/detail?ano=68220&adcno=1&sel_date=2023-08-24&sel_date2=2023-08-25,,,//image.goodchoice.kr/images/web_v3/bg_trans.png
대전 호텔 더리즈,https://www.goodchoice.kr/product/detail?ano=3077&adcno=1&sel_date=2023-08-24&sel_date2=2023-08-25,,,//image.goodchoice.kr/images/web_v3/bg_trans.png
용문 자자,https://www.goodchoice.kr/product/detail?ano=46669&adcno=1&sel_date=2023-08-24&sel_date2=2023-08-25,,,//image.goodchoice.kr/images/web_v3/bg_trans.png
신탄진 호텔 월,https://www.goodchoice.kr/product/detail?ano=47842&adcno=1&sel_date=2023-08-24&sel_date2=2023-08-25,,,//image.goodchoice.kr/images/web_v3/bg_trans.png
유성 호텔나무,https://www.goodchoice.kr/product/detail?ano=4310&adcno=1&sel_date=2023-08-24&sel_date2=2023-08-25,,,//image.goodchoice.kr/images/web_v3/bg_trans.png
대전 럭셔리,https://www.goodchoice.kr/product/detail?ano=1489&adcno=1&sel_date=2023-08-24&sel_date2=2023-08-25,,,//image.goodchoice.kr/images/web_v3/bg_trans.png
용전 더휴식 노크인호텔,https://www.goodchoice.kr/product/detail?ano=504&adcno=1&sel_date=2023-08-24&sel_date2=2023-08-25,,,//image.goodchoice.kr/images/web_v3/bg_trans.png
용문 JNK classic,https://www.goodchoice.kr/product/detail?ano=61580&adcno=1&sel_date=2023-08-24&sel_date2=2023-08-25,,,//image.goodchoice.kr/images/web_v3/bg_trans.png
유성 스테이호텔,https://www.goodchoice.kr/product/detail?ano=46822&adcno=1&sel_date=2023-08-24&sel_date2=2023-08-25,,,//image.goodchoice.kr/images/web_v3/bg_trans.png
대전 레지던스 호텔 라인,https://www.goodchoice.kr/product/detail?ano=57160&adcno=2&sel_date=2023-08-24&sel_date2=2023-08-25,,,//image.goodchoice.kr/images/web_v3/bg_trans.png
대전 별,https://www.goodchoice.kr/product/detail?ano=74853&adcno=1&sel_date=2023-08-24&sel_date2=2023-08-25,,,//image.goodchoice.kr/images/web_v3/bg_trans.png
중리 잉카 호텔,https://www.goodchoice.kr/product/detail?ano=3739&adcno=1&sel_date=2023-08-24&sel_date2=2023-08-25,,,//image.goodchoice.kr/images/web_v3/bg_trans.png
대전 MAC,https://www.goodchoice.kr/product/detail?ano=2136&adcno=1&sel_date=2023-08-24&sel_date2=2023-08-25,,,//image.goodchoice.kr/images/web_v3/bg_trans.png
대전 보보스,https://www.goodchoice.kr/product/detail?ano=3069&adcno=1&sel_date=2023-08-24&sel_date2=2023-08-25,,,//image.goodchoice.kr/images/web_v3/bg_trans.png
대전 피닉스,https://www.goodchoice.kr/product/detail?ano=46763&adcno=1&sel_date=2023-08-24&sel_date2=2023-08-25,,,//image.goodchoice.kr/images/web_v3/bg_trans.png
유성 탑클라우드 호텔-대전점,https://www.goodchoice.kr/product/detail?ano=3373&adcno=1&sel_date=2023-08-24&sel_date2=2023-08-25,,,//image.goodchoice.kr/images/web_v3/bg_trans.png
둔산 포시즌,https://www.goodchoice.kr/product/detail?ano=5810&adcno=1&sel_date=2023-08-24&sel_date2=2023-08-25,,,//image.goodchoice.kr/images/web_v3/bg_trans.png
대전 클래스 호텔,https://www.goodchoice.kr/product/detail?ano=62267&adcno=1&sel_date=2023-08-24&sel_date2=2023-08-25,,,//image.goodchoice.kr/images/web_v3/bg_trans.png
유성 렉시,https://www.goodchoice.kr/product/detail?ano=2051&adcno=1&sel_date=2023-08-24&sel_date2=2023-08-25,,,//image.goodchoice.kr/images/web_v3/bg_trans.png
대전 호텔 나리스,https://www.goodchoice.kr/product/detail?ano=4054&adcno=1&sel_date=2023-08-24&sel_date2=2023-08-25,,,//image.goodchoice.kr/images/web_v3/bg_trans.png
토요코인 대전,https://www.goodchoice.kr/product/detail?ano=11158&adcno=2&sel_date=2023-08-24&sel_date2=2023-08-25,,,//image.goodchoice.kr/images/web_v3/bg_trans.png
대전 호텔 라움,https://www.goodchoice.kr/product/detail?ano=67467&adcno=1&sel_date=2023-08-24&sel_date2=2023-08-25,,,//image.goodchoice.kr/images/web_v3/bg_trans.png
유성 루이스,https://www.goodchoice.kr/product/detail?ano=512&adcno=1&sel_date=2023-08-24&sel_date2=2023-08-25,,,//image.goodchoice.kr/images/web_v3/bg_trans.png
은행 나인스팟호텔,https://www.goodchoice.kr/product/detail?ano=538&adcno=1&sel_date=2023-08-24&sel_date2=2023-08-25,,,//image.goodchoice.kr/images/web_v3/bg_trans.png
유성 까펠라,https://www.goodchoice.kr/product/detail?ano=2938&adcno=1&sel_date=2023-08-24&sel_date2=2023-08-25,,,//image.goodchoice.kr/images/web_v3/bg_trans.png
유성 만월 호텔-한옥,https://www.goodchoice.kr/product/detail?ano=69595&adcno=1&sel_date=2023-08-24&sel_date2=2023-08-25,,,//image.goodchoice.kr/images/web_v3/bg_trans.png
신탄진 호텔 로하스,https://www.goodchoice.kr/product/detail?ano=5132&adcno=1&sel_date=2023-08-24&sel_date2=2023-08-25,,,//image.goodchoice.kr/images/web_v3/bg_trans.png
대전 페이지 호텔,https://www.goodchoice.kr/product/detail?ano=3672&adcno=1&sel_date=2023-08-24&sel_date2=2023-08-25,,,//image.goodchoice.kr/images/web_v3/bg_trans.png
대전 산토리니,https://www.goodchoice.kr/product/detail?ano=550&adcno=1&sel_date=2023-08-24&sel_date2=2023-08-25,,,//image.goodchoice.kr/images/web_v3/bg_trans.png
유성 호텔 아트,https://www.goodchoice.kr/product/detail?ano=12931&adcno=1&sel_date=2023-08-24&sel_date2=2023-08-25,,,//image.goodchoice.kr/images/web_v3/bg_trans.png
유성 원,https://www.goodchoice.kr/product/detail?ano=45804&adcno=1&sel_date=2023-08-24&sel_date2=2023-08-25,,,//image.goodchoice.kr/images/web_v3/bg_trans.png
대전 HOTEL MOMO,https://www.goodchoice.kr/product/detail?ano=65026&adcno=1&sel_date=2023-08-24&sel_date2=2023-08-25,,,//image.goodchoice.kr/images/web_v3/bg_trans.png
유성 썸,https://www.goodchoice.kr/product/detail?ano=12437&adcno=1&sel_date=2023-08-24&sel_date2=2023-08-25,,,//image.goodchoice.kr/images/web_v3/bg_trans.png
대전 일루와,https://www.goodchoice.kr/product/detail?ano=62630&adcno=1&sel_date=2023-08-24&sel_date2=2023-08-25,,,//image.goodchoice.kr/images/web_v3/bg_trans.png
은행 자우리,https://www.goodchoice.kr/product/detail?ano=544&adcno=1&sel_date=2023-08-24&sel_date2=2023-08-25,,,//image.goodchoice.kr/images/web_v3/bg_trans.png
유성 자우리,https://www.goodchoice.kr/product/detail?ano=5194&adcno=1&sel_date=2023-08-24&sel_date2=2023-08-25,,,//image.goodchoice.kr/images/web_v3/bg_trans.png
신탄진 저스트슬립호텔-신탄진역점,https://www.goodchoice.kr/product/detail?ano=54548&adcno=1&sel_date=2023-08-24&sel_date2=2023-08-25,,,//image.goodchoice.kr/images/web_v3/bg_trans.png
중리 HOTEL 카펠라,https://www.goodchoice.kr/product/detail?ano=56435&adcno=1&sel_date=2023-08-24&sel_date2=2023-08-25,,,//image.goodchoice.kr/images/web_v3/bg_trans.png
더휴식 아늑호텔 대전 용전 1호점,https://www.goodchoice.kr/product/detail?ano=74692&adcno=2&sel_date=2023-08-24&sel_date2=2023-08-25,,,//image.goodchoice.kr/images/web_v3/bg_trans.png
둔산 오백호-500th,https://www.goodchoice.kr/product/detail?ano=4587&adcno=1&sel_date=2023-08-24&sel_date2=2023-08-25,,,//image.goodchoice.kr/images/web_v3/bg_trans.png
신탄진 나루 무인텔,https://www.goodchoice.kr/product/detail?ano=46042&adcno=1&sel_date=2023-08-24&sel_date2=2023-08-25,,,//image.goodchoice.kr/images/web_v3/bg_trans.png
