하이원리조트 마운틴콘도,https://www.goodchoice.kr/product/detail?ano=57435&adcno=2&sel_date=2023-08-24&sel_date2=2023-08-25,강릉 강문해변 앞,"
193,800원 ",//image.goodchoice.kr/images/web_v3/bg_trans.png
하이원리조트 힐콘도,https://www.goodchoice.kr/product/detail?ano=57434&adcno=2&sel_date=2023-08-24&sel_date2=2023-08-25,속초터미널 차량 11분,"
121,980원 ",//image.goodchoice.kr/images/web_v3/bg_trans.png
하이원 그랜드 호텔 메인타워,https://www.goodchoice.kr/product/detail?ano=51763&adcno=2&sel_date=2023-08-24&sel_date2=2023-08-25,경포해변 도보 3분,"
96,900원 ",//image.goodchoice.kr/images/web_v3/bg_trans.png
하이원 그랜드 호텔 컨벤션타워,https://www.goodchoice.kr/product/detail?ano=51753&adcno=2&sel_date=2023-08-24&sel_date2=2023-08-25,속초해수욕장 도보 1분,"
182,000원 ",//image.goodchoice.kr/images/web_v3/bg_trans.png
하이원 팰리스호텔,https://www.goodchoice.kr/product/detail?ano=51764&adcno=2&sel_date=2023-08-24&sel_date2=2023-08-25,강원 속초시 조양동,"
275,000원 ",//image.goodchoice.kr/images/web_v3/bg_trans.png
★당일특가★ 세인트존스 호텔,https://www.goodchoice.kr/product/detail?ano=48951&adcno=2&sel_date=2023-08-24&sel_date2=2023-08-25,강원 삼척시 갈천동,"
118,000원 ",//image.goodchoice.kr/images/web_v3/bg_trans.png
체스터톤스 호텔,https://www.goodchoice.kr/product/detail?ano=69729&adcno=2&sel_date=2023-08-24&sel_date2=2023-08-25,강원 양양군 강현면 용호리,"
95,000원 ",//image.goodchoice.kr/images/web_v3/bg_trans.png
★당일특가★ 스카이베이호텔 경포,https://www.goodchoice.kr/product/detail?ano=49688&adcno=2&sel_date=2023-08-24&sel_date2=2023-08-25,강원도 카지노 차량 2분,"
134,750원 ",//image.goodchoice.kr/images/web_v3/bg_trans.png
어반스테이 속초등대,https://www.goodchoice.kr/product/detail?ano=70213&adcno=2&sel_date=2023-08-24&sel_date2=2023-08-25,간성버스터미널 차량 9분,"
139,000원 ",//image.goodchoice.kr/images/web_v3/bg_trans.png
속초 아이파크스위트 호텔앤레지던스,https://www.goodchoice.kr/product/detail?ano=74588&adcno=2&sel_date=2023-08-24&sel_date2=2023-08-25,강원 양양군 양양읍 조산리,"
330,000원 ",//image.goodchoice.kr/images/web_v3/bg_trans.png
SL 호텔 강릉,https://www.goodchoice.kr/product/detail?ano=69744&adcno=2&sel_date=2023-08-24&sel_date2=2023-08-25,강릉역 차량 3분,"
92,000원 ",//image.goodchoice.kr/images/web_v3/bg_trans.png
하이오션 경포,https://www.goodchoice.kr/product/detail?ano=65139&adcno=2&sel_date=2023-08-24&sel_date2=2023-08-25,강원 속초시 장사동,"
65,500원 ",//image.goodchoice.kr/images/web_v3/bg_trans.png
호텔 탑스텐,https://www.goodchoice.kr/product/detail?ano=50405&adcno=2&sel_date=2023-08-24&sel_date2=2023-08-25,강원 춘천시 근화동,"
242,000원 ",//image.goodchoice.kr/images/web_v3/bg_trans.png
강릉 브라운도트-강릉역점,https://www.goodchoice.kr/product/detail?ano=57738&adcno=1&sel_date=2023-08-24&sel_date2=2023-08-25,속초해수욕장 도보 1분,"
59,000원 ",//image.goodchoice.kr/images/web_v3/bg_trans.png
강릉 더강릉오션스테이,https://www.goodchoice.kr/product/detail?ano=74942&adcno=3&sel_date=2023-08-24&sel_date2=2023-08-25,,"
185,630원 ",//image.goodchoice.kr/images/web_v3/bg_trans.png
휘닉스 평창 호텔&리조트,https://www.goodchoice.kr/product/detail?ano=61569&adcno=2&sel_date=2023-08-24&sel_date2=2023-08-25,,"
75,000원 ",//image.goodchoice.kr/images/web_v3/bg_trans.png
라카이 샌드파인,https://www.goodchoice.kr/product/detail?ano=63519&adcno=2&sel_date=2023-08-24&sel_date2=2023-08-25,,"
105,000원 ",//image.goodchoice.kr/images/web_v3/bg_trans.png
속초 캡슐호텔 갤러리 인 스테이,https://www.goodchoice.kr/product/detail?ano=73686&adcno=1&sel_date=2023-08-24&sel_date2=2023-08-25,,"
59,000원 ",//image.goodchoice.kr/images/web_v3/bg_trans.png
썬라이즈호텔 속초,https://www.goodchoice.kr/product/detail?ano=64086&adcno=2&sel_date=2023-08-24&sel_date2=2023-08-25,,"
145,000원 ",//image.goodchoice.kr/images/web_v3/bg_trans.png
소노벨 비발디파크 B.C,https://www.goodchoice.kr/product/detail?ano=6576&adcno=2&sel_date=2023-08-24&sel_date2=2023-08-25,,"
72,000원 ",//image.goodchoice.kr/images/web_v3/bg_trans.png
리센 오션파크 호텔,https://www.goodchoice.kr/product/detail?ano=67416&adcno=2&sel_date=2023-08-24&sel_date2=2023-08-25,,"
85,000원 ",//image.goodchoice.kr/images/web_v3/bg_trans.png
속초 아이파크 스위트호텔,https://www.goodchoice.kr/product/detail?ano=74623&adcno=1&sel_date=2023-08-24&sel_date2=2023-08-25,,"
86,000원 ",//image.goodchoice.kr/images/web_v3/bg_trans.png
홍천 반스힐리조트,https://www.goodchoice.kr/product/detail?ano=75486&adcno=3&sel_date=2023-08-24&sel_date2=2023-08-25,,"
124,000원 ",//image.goodchoice.kr/images/web_v3/bg_trans.png
강릉 당신의안목펜션 주문진점,https://www.goodchoice.kr/product/detail?ano=68858&adcno=3&sel_date=2023-08-24&sel_date2=2023-08-25,,"
109,000원 ",//image.goodchoice.kr/images/web_v3/bg_trans.png
강릉 무아풀빌라,https://www.goodchoice.kr/product/detail?ano=72086&adcno=3&sel_date=2023-08-24&sel_date2=2023-08-25,,"
64,400원 ",//image.goodchoice.kr/images/web_v3/bg_trans.png
양양 더 앤 리조트 호텔&스파,https://www.goodchoice.kr/product/detail?ano=65748&adcno=2&sel_date=2023-08-24&sel_date2=2023-08-25,,"
420,000원 ",//image.goodchoice.kr/images/web_v3/bg_trans.png
정동진 썬크루즈호텔,https://www.goodchoice.kr/product/detail?ano=67769&adcno=2&sel_date=2023-08-24&sel_date2=2023-08-25,,"
53,000원 ",//image.goodchoice.kr/images/web_v3/bg_trans.png
청초호베스트호텔,https://www.goodchoice.kr/product/detail?ano=70398&adcno=2&sel_date=2023-08-24&sel_date2=2023-08-25,,"
52,000원 ",//image.goodchoice.kr/images/web_v3/bg_trans.png
★당일특가★ 컨피네스 오션 스위트,https://www.goodchoice.kr/product/detail?ano=70936&adcno=2&sel_date=2023-08-24&sel_date2=2023-08-25,,"
552,000원 ",//image.goodchoice.kr/images/web_v3/bg_trans.png
메이힐스 리조트,https://www.goodchoice.kr/product/detail?ano=6781&adcno=2&sel_date=2023-08-24&sel_date2=2023-08-25,,"
90,000원 ",//image.goodchoice.kr/images/web_v3/bg_trans.png
씨크루즈호텔 속초,https://www.goodchoice.kr/product/detail?ano=53240&adcno=2&sel_date=2023-08-24&sel_date2=2023-08-25,,"
99,000원 ",//image.goodchoice.kr/images/web_v3/bg_trans.png
강릉 테레인바이더블류스파펜션,https://www.goodchoice.kr/product/detail?ano=73533&adcno=3&sel_date=2023-08-24&sel_date2=2023-08-25,,"
120,000원 ",//image.goodchoice.kr/images/web_v3/bg_trans.png
양양 푸른바다펜션,https://www.goodchoice.kr/product/detail?ano=75612&adcno=3&sel_date=2023-08-24&sel_date2=2023-08-25,,"
99,900원 ",//image.goodchoice.kr/images/web_v3/bg_trans.png
강릉 더뷰스파펜션,https://www.goodchoice.kr/product/detail?ano=73495&adcno=3&sel_date=2023-08-24&sel_date2=2023-08-25,,"
161,000원 ",//image.goodchoice.kr/images/web_v3/bg_trans.png
쏠비치 삼척 리조트 ,https://www.goodchoice.kr/product/detail?ano=7479&adcno=2&sel_date=2023-08-24&sel_date2=2023-08-25,,"
94,900원 ",//image.goodchoice.kr/images/web_v3/bg_trans.png
춘천 리버사이드호텔,https://www.goodchoice.kr/product/detail?ano=74642&adcno=1&sel_date=2023-08-24&sel_date2=2023-08-25,,"
140,000원 ",//image.goodchoice.kr/images/web_v3/bg_trans.png
월드스카이 속초 레지던스 호텔,https://www.goodchoice.kr/product/detail?ano=67313&adcno=2&sel_date=2023-08-24&sel_date2=2023-08-25,,,//image.goodchoice.kr/images/web_v3/bg_trans.png
삼척 넘버25호텔,https://www.goodchoice.kr/product/detail?ano=75389&adcno=1&sel_date=2023-08-24&sel_date2=2023-08-25,,,//image.goodchoice.kr/images/web_v3/bg_trans.png
원주 이틀,https://www.goodchoice.kr/product/detail?ano=11893&adcno=1&sel_date=2023-08-24&sel_date2=2023-08-25,,,//image.goodchoice.kr/images/web_v3/bg_trans.png
강릉 휴식료칸풀빌라,https://www.goodchoice.kr/product/detail?ano=74919&adcno=3&sel_date=2023-08-24&sel_date2=2023-08-25,,,//image.goodchoice.kr/images/web_v3/bg_trans.png
현대아이파크 콘도,https://www.goodchoice.kr/product/detail?ano=10837&adcno=2&sel_date=2023-08-24&sel_date2=2023-08-25,,,//image.goodchoice.kr/images/web_v3/bg_trans.png
강릉씨티호텔,https://www.goodchoice.kr/product/detail?ano=54598&adcno=2&sel_date=2023-08-24&sel_date2=2023-08-25,,,//image.goodchoice.kr/images/web_v3/bg_trans.png
동해 너에게감동해,https://www.goodchoice.kr/product/detail?ano=74703&adcno=3&sel_date=2023-08-24&sel_date2=2023-08-25,,,//image.goodchoice.kr/images/web_v3/bg_trans.png
어반스테이 속초해변,https://www.goodchoice.kr/product/detail?ano=69528&adcno=2&sel_date=2023-08-24&sel_date2=2023-08-25,,,//image.goodchoice.kr/images/web_v3/bg_trans.png
강릉 스테이오엔,https://www.goodchoice.kr/product/detail?ano=73990&adcno=3&sel_date=2023-08-24&sel_date2=2023-08-25,,,//image.goodchoice.kr/images/web_v3/bg_trans.png
센텀마크 호텔 양양,https://www.goodchoice.kr/product/detail?ano=67766&adcno=2&sel_date=2023-08-24&sel_date2=2023-08-25,,,//image.goodchoice.kr/images/web_v3/bg_trans.png
투와이 호텔,https://www.goodchoice.kr/product/detail?ano=7370&adcno=2&sel_date=2023-08-24&sel_date2=2023-08-25,,,//image.goodchoice.kr/images/web_v3/bg_trans.png
경포 오션힐펜션,https://www.goodchoice.kr/product/detail?ano=53621&adcno=3&sel_date=2023-08-24&sel_date2=2023-08-25,,,//image.goodchoice.kr/images/web_v3/bg_trans.png
주문진 M9펜션,https://www.goodchoice.kr/product/detail?ano=71959&adcno=3&sel_date=2023-08-24&sel_date2=2023-08-25,,,//image.goodchoice.kr/images/web_v3/bg_trans.png
양양 슬로우웨이브 오션뷰 가족펜션,https://www.goodchoice.kr/product/detail?ano=75109&adcno=3&sel_date=2023-08-24&sel_date2=2023-08-25,,,//image.goodchoice.kr/images/web_v3/bg_trans.png
강릉 하파펜션,https://www.goodchoice.kr/product/detail?ano=74773&adcno=3&sel_date=2023-08-24&sel_date2=2023-08-25,,,//image.goodchoice.kr/images/web_v3/bg_trans.png
마리나베이 속초,https://www.goodchoice.kr/product/detail?ano=65013&adcno=2&sel_date=2023-08-24&sel_date2=2023-08-25,,,//image.goodchoice.kr/images/web_v3/bg_trans.png
강릉 웨이블루 스파펜션,https://www.goodchoice.kr/product/detail?ano=67334&adcno=3&sel_date=2023-08-24&sel_date2=2023-08-25,,,//image.goodchoice.kr/images/web_v3/bg_trans.png
강릉 M스파펜션,https://www.goodchoice.kr/product/detail?ano=75365&adcno=3&sel_date=2023-08-24&sel_date2=2023-08-25,,,//image.goodchoice.kr/images/web_v3/bg_trans.png
평창 라마다 호텔&스위트 바이 윈덤,https://www.goodchoice.kr/product/detail?ano=54760&adcno=2&sel_date=2023-08-24&sel_date2=2023-08-25,,,//image.goodchoice.kr/images/web_v3/bg_trans.png
강릉 올래앤다올 스파펜션,https://www.goodchoice.kr/product/detail?ano=68401&adcno=3&sel_date=2023-08-24&sel_date2=2023-08-25,,,//image.goodchoice.kr/images/web_v3/bg_trans.png
"속초 뉴욕카라반(조식,팥빙수제공)",https://www.goodchoice.kr/product/detail?ano=74333&adcno=5&sel_date=2023-08-24&sel_date2=2023-08-25,,,//image.goodchoice.kr/images/web_v3/bg_trans.png
하이캐슬리조트,https://www.goodchoice.kr/product/detail?ano=6913&adcno=2&sel_date=2023-08-24&sel_date2=2023-08-25,,,//image.goodchoice.kr/images/web_v3/bg_trans.png
강릉 넘버25-강릉역점,https://www.goodchoice.kr/product/detail?ano=58760&adcno=1&sel_date=2023-08-24&sel_date2=2023-08-25,,,//image.goodchoice.kr/images/web_v3/bg_trans.png
르네블루 바이 워커힐,https://www.goodchoice.kr/product/detail?ano=71893&adcno=2&sel_date=2023-08-24&sel_date2=2023-08-25,,,//image.goodchoice.kr/images/web_v3/bg_trans.png
강릉 위드 호텔,https://www.goodchoice.kr/product/detail?ano=68856&adcno=1&sel_date=2023-08-24&sel_date2=2023-08-25,,,//image.goodchoice.kr/images/web_v3/bg_trans.png
속초 바다뷰 펜션,https://www.goodchoice.kr/product/detail?ano=75129&adcno=3&sel_date=2023-08-24&sel_date2=2023-08-25,,,//image.goodchoice.kr/images/web_v3/bg_trans.png
양양 인메모리 펜션,https://www.goodchoice.kr/product/detail?ano=71854&adcno=3&sel_date=2023-08-24&sel_date2=2023-08-25,,,//image.goodchoice.kr/images/web_v3/bg_trans.png
춘천 이스티아 호텔,https://www.goodchoice.kr/product/detail?ano=72944&adcno=2&sel_date=2023-08-24&sel_date2=2023-08-25,,,//image.goodchoice.kr/images/web_v3/bg_trans.png
현대수리조트 속초,https://www.goodchoice.kr/product/detail?ano=6813&adcno=2&sel_date=2023-08-24&sel_date2=2023-08-25,,,//image.goodchoice.kr/images/web_v3/bg_trans.png
롯데리조트 속초,https://www.goodchoice.kr/product/detail?ano=47406&adcno=2&sel_date=2023-08-24&sel_date2=2023-08-25,,,//image.goodchoice.kr/images/web_v3/bg_trans.png
라마다 속초,https://www.goodchoice.kr/product/detail?ano=7444&adcno=2&sel_date=2023-08-24&sel_date2=2023-08-25,,,//image.goodchoice.kr/images/web_v3/bg_trans.png
디그니티 호텔,https://www.goodchoice.kr/product/detail?ano=47532&adcno=2&sel_date=2023-08-24&sel_date2=2023-08-25,,,//image.goodchoice.kr/images/web_v3/bg_trans.png
올림피아 호텔,https://www.goodchoice.kr/product/detail?ano=53541&adcno=2&sel_date=2023-08-24&sel_date2=2023-08-25,,,//image.goodchoice.kr/images/web_v3/bg_trans.png
경포 호텔이코노미,https://www.goodchoice.kr/product/detail?ano=74815&adcno=2&sel_date=2023-08-24&sel_date2=2023-08-25,,,//image.goodchoice.kr/images/web_v3/bg_trans.png
한화리조트 설악 쏘라노,https://www.goodchoice.kr/product/detail?ano=6426&adcno=2&sel_date=2023-08-24&sel_date2=2023-08-25,,,//image.goodchoice.kr/images/web_v3/bg_trans.png
낙산비치호텔,https://www.goodchoice.kr/product/detail?ano=46496&adcno=2&sel_date=2023-08-24&sel_date2=2023-08-25,,,//image.goodchoice.kr/images/web_v3/bg_trans.png
평창 더화이트호텔,https://www.goodchoice.kr/product/detail?ano=73268&adcno=2&sel_date=2023-08-24&sel_date2=2023-08-25,,,//image.goodchoice.kr/images/web_v3/bg_trans.png
속초 JOON96 호텔,https://www.goodchoice.kr/product/detail?ano=73035&adcno=1&sel_date=2023-08-24&sel_date2=2023-08-25,,,//image.goodchoice.kr/images/web_v3/bg_trans.png
파인아트라벨,https://www.goodchoice.kr/product/detail?ano=67764&adcno=2&sel_date=2023-08-24&sel_date2=2023-08-25,,,//image.goodchoice.kr/images/web_v3/bg_trans.png
양양 베이스캠프,https://www.goodchoice.kr/product/detail?ano=74351&adcno=5&sel_date=2023-08-24&sel_date2=2023-08-25,,,//image.goodchoice.kr/images/web_v3/bg_trans.png
춘천 잭슨나인스호텔,https://www.goodchoice.kr/product/detail?ano=73219&adcno=2&sel_date=2023-08-24&sel_date2=2023-08-25,,,//image.goodchoice.kr/images/web_v3/bg_trans.png
동해 바다에머무르다 펜션,https://www.goodchoice.kr/product/detail?ano=75147&adcno=3&sel_date=2023-08-24&sel_date2=2023-08-25,,,//image.goodchoice.kr/images/web_v3/bg_trans.png
강릉 스테이수안,https://www.goodchoice.kr/product/detail?ano=72284&adcno=3&sel_date=2023-08-24&sel_date2=2023-08-25,,,//image.goodchoice.kr/images/web_v3/bg_trans.png
경포대 그랑블루,https://www.goodchoice.kr/product/detail?ano=2672&adcno=1&sel_date=2023-08-24&sel_date2=2023-08-25,,,//image.goodchoice.kr/images/web_v3/bg_trans.png
소노펠리체 델피노,https://www.goodchoice.kr/product/detail?ano=69354&adcno=2&sel_date=2023-08-24&sel_date2=2023-08-25,,,//image.goodchoice.kr/images/web_v3/bg_trans.png
강릉 피크닉,https://www.goodchoice.kr/product/detail?ano=66231&adcno=1&sel_date=2023-08-24&sel_date2=2023-08-25,,,//image.goodchoice.kr/images/web_v3/bg_trans.png
속초 더샵 스파 펜션,https://www.goodchoice.kr/product/detail?ano=69714&adcno=3&sel_date=2023-08-24&sel_date2=2023-08-25,,,//image.goodchoice.kr/images/web_v3/bg_trans.png
마레몬스 호텔,https://www.goodchoice.kr/product/detail?ano=6429&adcno=2&sel_date=2023-08-24&sel_date2=2023-08-25,,,//image.goodchoice.kr/images/web_v3/bg_trans.png
오션투유리조트 설악비치 호텔&콘도,https://www.goodchoice.kr/product/detail?ano=11881&adcno=2&sel_date=2023-08-24&sel_date2=2023-08-25,,,//image.goodchoice.kr/images/web_v3/bg_trans.png
춘천 호텔 휴,https://www.goodchoice.kr/product/detail?ano=74728&adcno=1&sel_date=2023-08-24&sel_date2=2023-08-25,,,//image.goodchoice.kr/images/web_v3/bg_trans.png
오크밸리리조트,https://www.goodchoice.kr/product/detail?ano=64479&adcno=2&sel_date=2023-08-24&sel_date2=2023-08-25,,,//image.goodchoice.kr/images/web_v3/bg_trans.png
원주 호텔 델루나,https://www.goodchoice.kr/product/detail?ano=69181&adcno=1&sel_date=2023-08-24&sel_date2=2023-08-25,,,//image.goodchoice.kr/images/web_v3/bg_trans.png
펠리치타,https://www.goodchoice.kr/product/detail?ano=74656&adcno=3&sel_date=2023-08-24&sel_date2=2023-08-25,,,//image.goodchoice.kr/images/web_v3/bg_trans.png
강릉 페리아902 오션뷰 스파 펜션,https://www.goodchoice.kr/product/detail?ano=75141&adcno=3&sel_date=2023-08-24&sel_date2=2023-08-25,,,//image.goodchoice.kr/images/web_v3/bg_trans.png
속초 SOYU-소유,https://www.goodchoice.kr/product/detail?ano=67133&adcno=1&sel_date=2023-08-24&sel_date2=2023-08-25,,,//image.goodchoice.kr/images/web_v3/bg_trans.png
속초 컨피네스 비치 호텔,https://www.goodchoice.kr/product/detail?ano=67343&adcno=2&sel_date=2023-08-24&sel_date2=2023-08-25,,,//image.goodchoice.kr/images/web_v3/bg_trans.png
강릉 오션그레이트펜션,https://www.goodchoice.kr/product/detail?ano=54273&adcno=3&sel_date=2023-08-24&sel_date2=2023-08-25,,,//image.goodchoice.kr/images/web_v3/bg_trans.png
속초 호텔 더 블루테라,https://www.goodchoice.kr/product/detail?ano=67944&adcno=2&sel_date=2023-08-24&sel_date2=2023-08-25,,,//image.goodchoice.kr/images/web_v3/bg_trans.png
강릉 S202펜션,https://www.goodchoice.kr/product/detail?ano=73424&adcno=3&sel_date=2023-08-24&sel_date2=2023-08-25,,,//image.goodchoice.kr/images/web_v3/bg_trans.png
강릉 디어웨이브풀빌라,https://www.goodchoice.kr/product/detail?ano=75072&adcno=3&sel_date=2023-08-24&sel_date2=2023-08-25,,,//image.goodchoice.kr/images/web_v3/bg_trans.png
경포 에메랄드 호텔,https://www.goodchoice.kr/product/detail?ano=45222&adcno=2&sel_date=2023-08-24&sel_date2=2023-08-25,,,//image.goodchoice.kr/images/web_v3/bg_trans.png
경포대 오션호텔,https://www.goodchoice.kr/product/detail?ano=5333&adcno=1&sel_date=2023-08-24&sel_date2=2023-08-25,,,//image.goodchoice.kr/images/web_v3/bg_trans.png
속초 호텔 모옌,https://www.goodchoice.kr/product/detail?ano=73611&adcno=1&sel_date=2023-08-24&sel_date2=2023-08-25,,,//image.goodchoice.kr/images/web_v3/bg_trans.png
